City_ID,City,Country,Lat,Lng,Max Temp,Humidity,Cloudiness,Wind Speed,Current Description
0,Hermanus,ZA,-34.42,19.23,54.81,85,99,5.88,overcast clouds
1,Bluff,NZ,-46.6,168.33,44.8,79,100,11.36,light rain
2,Skegness,GB,53.14,0.34,93.02,44,71,6.46,broken clouds
3,Bathsheba,BB,13.22,-59.52,86.61,80,20,20.71,few clouds
4,Grindavik,IS,63.84,-22.43,54.07,82,75,4.61,broken clouds
5,Bambous Virieux,MU,-20.34,57.76,69.22,73,75,23.02,light rain
6,Rikitea,PF,-23.12,-134.97,74.01,80,95,13.02,light rain
7,Beloha,MG,-25.17,45.05,66.51,75,23,14.61,few clouds
8,Barrow,US,71.29,-156.79,39.22,87,100,18.41,overcast clouds
9,Bethel,US,41.37,-73.41,77.36,91,100,9.22,overcast clouds
10,Castro,BR,-24.79,-50.01,58.01,95,100,4.12,heavy intensity rain
11,Hobart,AU,-42.88,147.33,39.25,87,40,5.75,scattered clouds
12,Arraial Do Cabo,BR,-22.97,-42.03,75.06,78,20,4.61,few clouds
13,Atuona,PF,-9.8,-139.03,77.97,64,72,18.72,broken clouds
14,Severo-Kurilsk,RU,50.68,156.12,51.58,95,49,7.94,scattered clouds
15,Aktau,KZ,43.65,51.2,86.58,48,0,9.06,clear sky
16,Jamestown,US,42.1,-79.24,72.01,85,100,14.97,overcast clouds
17,Ibra,OM,22.69,58.53,81.59,73,86,2.19,overcast clouds
18,Haines Junction,CA,60.75,-137.51,50.76,78,99,4.88,overcast clouds
19,Qaanaaq,GL,77.48,-69.36,45.41,52,21,2.66,few clouds
20,Port Hedland,AU,-20.32,118.57,57.25,82,2,3.44,clear sky
21,Clyde River,CA,70.47,-68.59,42.22,77,58,6.71,broken clouds
22,Moussoro,TD,13.64,16.49,87.04,50,37,14.58,light rain
23,Punta Arenas,CL,-53.15,-70.92,41.11,75,40,31.07,scattered clouds
24,Saint George,US,37.1,-113.58,96.64,29,0,4.0,clear sky
25,Chancay,PE,-11.57,-77.27,65.12,72,81,9.01,broken clouds
26,Sao Joao Da Barra,BR,-21.64,-41.05,80.69,70,12,13.71,few clouds
27,Dombarovskiy,RU,50.76,59.54,77.13,48,6,14.72,clear sky
28,Kaitangata,NZ,-46.28,169.85,44.64,95,100,3.53,moderate rain
29,Hithadhoo,MV,-0.6,73.08,82.24,75,100,8.41,overcast clouds
30,Saldanha,ZA,-33.01,17.94,56.95,81,12,16.62,few clouds
31,Srivardhan,IN,18.03,73.02,78.24,88,100,9.22,overcast clouds
32,Mataura,NZ,-46.19,168.86,44.47,97,100,2.28,light rain
33,Saint-Philippe,RE,-21.36,55.77,67.59,79,77,19.17,light rain
34,Preobrazheniye,RU,42.9,133.91,63.07,91,83,3.76,broken clouds
35,Mogadishu,SO,2.04,45.34,76.24,80,100,17.94,light rain
36,Utinga,BR,-5.82,-35.4,77.85,94,75,6.91,broken clouds
37,Albany,US,42.6,-73.97,75.61,92,100,7.63,overcast clouds
38,Kendari,ID,-3.94,122.5,73.99,94,97,2.53,overcast clouds
39,La Asuncion,VE,11.03,-63.86,81.9,76,75,17.11,broken clouds
40,Lorengau,PG,-2.02,147.27,80.58,74,100,4.12,overcast clouds
41,Yellowknife,CA,62.46,-114.35,69.57,56,26,8.01,scattered clouds
42,Port Hardy,CA,50.7,-127.42,57.38,81,94,3.15,overcast clouds
43,Pisco,PE,-13.7,-76.22,64.02,77,15,11.5,haze
44,Kushiro,JP,42.98,144.37,64.0,97,76,6.02,broken clouds
45,Mahibadhoo,MV,3.78,72.97,82.36,77,100,13.82,overcast clouds
46,Tarakan,ID,3.3,117.63,79.03,77,100,3.76,overcast clouds
47,Faanui,PF,-16.48,-151.75,77.13,65,35,8.81,scattered clouds
48,Kapaa,US,22.08,-159.32,82.38,85,100,17.27,overcast clouds
49,Puerto Ayora,EC,-0.74,-90.35,75.16,89,95,4.0,overcast clouds
50,Vanino,RU,49.09,140.25,55.8,100,100,2.46,overcast clouds
51,Obihiro,JP,42.92,143.2,63.28,94,76,0.85,light rain
52,Hovd,MN,48.01,91.64,57.96,70,88,3.22,overcast clouds
53,Georgetown,MY,5.41,100.34,84.88,83,20,0.0,few clouds
54,Lebu,CL,-37.62,-73.65,48.83,64,37,7.58,scattered clouds
55,Saskylakh,RU,71.92,114.08,45.0,83,98,10.2,overcast clouds
56,Thompson,CA,55.74,-97.86,66.36,72,40,3.44,scattered clouds
57,Kumluca,TR,36.37,30.29,85.35,47,0,6.38,clear sky
58,Ushuaia,AR,-54.8,-68.3,42.46,52,20,12.66,few clouds
59,Sur,OM,22.57,59.53,86.58,80,81,5.55,broken clouds
60,Victoria,HK,22.29,114.16,86.38,82,100,13.0,overcast clouds
61,Aanekoski,FI,62.69,25.82,60.67,100,93,3.36,overcast clouds
62,Nelson Bay,AU,-32.72,152.15,52.0,92,54,8.01,light rain
63,Chabahar,IR,25.29,60.64,86.38,77,72,13.15,broken clouds
64,Nikolskoye,RU,59.7,30.79,60.69,75,83,4.38,broken clouds
65,Ulundi,ZA,-28.34,31.42,60.17,55,0,2.98,clear sky
66,Glenwood Springs,US,39.55,-107.32,90.41,35,40,9.22,scattered clouds
67,Butaritari,KI,3.07,172.79,82.22,77,8,18.39,light rain
68,Tuatapere,NZ,-46.13,167.68,44.8,91,100,1.72,overcast clouds
69,Vestmannaeyjar,IS,63.44,-20.27,54.59,82,75,17.27,broken clouds
70,Port Alfred,ZA,-33.59,26.89,67.96,51,5,9.51,clear sky
71,Busselton,AU,-33.65,115.33,50.9,88,24,8.61,few clouds
72,Novo Aripuana,BR,-5.12,-60.38,97.34,29,13,5.08,few clouds
73,Bredasdorp,ZA,-34.53,20.04,54.73,82,94,3.15,overcast clouds
74,Bandarbeyla,SO,9.49,50.81,76.93,78,87,35.05,overcast clouds
75,Akdepe,TM,42.06,59.38,91.63,21,0,10.02,clear sky
76,Port Macquarie,AU,-31.43,152.92,45.9,76,31,10.76,scattered clouds
77,Cap Malheureux,MU,-19.98,57.61,69.48,68,79,8.99,broken clouds
78,Avarua,CK,-21.21,-159.78,69.85,83,40,4.61,scattered clouds
79,Coihaique,CL,-45.58,-72.07,42.75,61,75,4.61,broken clouds
80,Hilo,US,19.73,-155.09,88.29,78,100,4.61,overcast clouds
81,Roald,NO,62.58,6.13,61.16,76,75,13.8,broken clouds
82,Hambantota,LK,6.12,81.12,79.21,81,53,15.28,broken clouds
83,Petropavlovsk-Kamchatskiy,RU,53.05,158.65,54.68,98,70,2.48,broken clouds
84,Suamico,US,44.63,-88.04,88.57,60,20,9.22,few clouds
85,Jalu,LY,29.03,21.55,92.68,16,0,6.31,clear sky
86,Nanortalik,GL,60.14,-45.24,46.8,79,74,4.43,broken clouds
87,Chuy,UY,-33.7,-53.46,55.8,60,20,7.9,few clouds
88,Placido De Castro,BR,-10.34,-67.19,92.26,39,4,3.65,clear sky
89,Channel-Port Aux Basques,CA,47.57,-59.14,64.63,88,80,11.83,broken clouds
90,Geraldton,AU,-28.77,114.6,55.81,88,100,9.22,overcast clouds
91,Caala,AO,-12.85,15.56,62.37,31,10,2.53,clear sky
92,Martapura,ID,-3.42,114.85,73.74,93,100,2.19,overcast clouds
93,Benghazi,LY,32.12,20.07,81.45,58,0,23.2,clear sky
94,Mujiayingzi,CN,42.12,118.78,66.4,61,27,4.5,scattered clouds
95,Pabianice,PL,51.66,19.35,74.89,46,0,3.44,clear sky
96,Cururupu,BR,-1.83,-44.87,84.99,61,68,8.21,broken clouds
97,Zhezkazgan,KZ,47.8,67.71,82.81,37,69,14.41,broken clouds
98,Caravelas,BR,-17.71,-39.25,77.2,57,45,7.54,scattered clouds
99,Fernie,CA,49.5,-115.07,59.68,47,72,8.25,moderate rain
100,Chokurdakh,RU,70.63,147.92,41.13,76,43,9.98,scattered clouds
101,Kvarkeno,RU,52.08,59.72,71.55,57,17,9.51,few clouds
102,Muros,ES,42.78,-9.06,74.68,79,1,11.56,clear sky
103,Vredendal,ZA,-31.67,18.5,55.89,89,1,7.43,clear sky
104,Salalah,OM,17.02,54.09,78.89,89,100,5.75,overcast clouds
105,Husavik,IS,66.04,-17.34,51.64,75,53,7.2,broken clouds
106,Tevaitoa,PF,-16.78,-151.5,76.6,66,30,9.82,scattered clouds
107,Touros,BR,-5.2,-35.46,81.73,69,31,15.86,scattered clouds
108,Mitu,CO,1.2,-70.17,82.22,77,31,2.24,light rain
109,Sao Filipe,CV,14.9,-24.5,75.56,78,80,17.45,broken clouds
110,Mar Del Plata,AR,-38.0,-57.56,57.09,68,20,15.99,few clouds
111,Kraslava,LV,55.9,27.17,57.69,96,86,4.18,overcast clouds
112,Ahipara,NZ,-35.17,173.17,57.63,86,75,11.74,broken clouds
113,Provideniya,RU,64.38,-173.3,40.23,79,100,24.11,light rain
114,Vardo,NO,70.37,31.11,57.18,82,0,6.91,clear sky
115,Samarai,PG,-10.62,150.67,79.34,84,94,7.78,overcast clouds
116,Bengkulu,ID,-3.8,102.27,76.3,88,2,3.71,moderate rain
117,Cherskiy,RU,68.75,161.3,47.32,53,54,5.35,broken clouds
118,Upernavik,GL,72.79,-56.15,42.57,75,98,2.17,overcast clouds
119,Khatanga,RU,71.97,102.5,52.63,76,100,3.96,overcast clouds
120,Sungaipenuh,ID,-2.08,101.38,64.78,96,50,1.83,scattered clouds
121,Banda Aceh,ID,5.56,95.32,79.77,76,80,8.84,broken clouds
122,Santa Isabel Do Rio Negro,BR,-0.41,-65.02,94.26,42,19,4.29,few clouds
123,Dongsheng,CN,39.82,109.98,75.07,25,100,11.81,overcast clouds
124,Vila Franca Do Campo,PT,37.72,-25.43,73.81,80,41,5.93,scattered clouds
125,Stratonion,GR,40.51,23.82,77.22,47,5,3.69,clear sky
126,Killybegs,IE,54.63,-8.45,64.11,85,55,8.19,broken clouds
127,La Ronge,CA,55.1,-105.28,73.06,46,11,4.23,few clouds
128,Cabo San Lucas,MX,22.89,-109.91,93.61,64,20,18.41,few clouds
129,Belaya Gora,RU,68.53,146.42,57.25,55,100,8.37,overcast clouds
130,Kodiak,US,57.79,-152.41,54.84,78,100,1.72,overcast clouds
131,Gotera,ET,8.98,38.76,61.09,88,75,2.3,broken clouds
132,Monte Alegre,BR,-2.01,-54.07,85.8,60,51,3.71,broken clouds
133,Tashigang,BT,27.33,91.55,72.59,97,100,0.45,overcast clouds
134,Margate,GB,51.38,1.39,90.1,38,17,11.72,few clouds
135,Mount Gambier,AU,-37.83,140.77,46.44,68,100,4.79,overcast clouds
136,Iqaluit,CA,63.75,-68.51,40.73,86,75,8.05,broken clouds
137,Souillac,MU,-20.52,57.52,68.38,73,75,23.02,light rain
138,Hasaki,JP,35.73,140.83,77.4,83,97,9.04,heavy intensity rain
139,Cape Town,ZA,-33.93,18.42,58.12,83,70,7.0,broken clouds
140,Rundu,NA,-17.93,19.77,57.4,32,0,6.13,clear sky
141,Tura,IN,25.52,90.22,75.11,93,97,4.76,overcast clouds
142,Kavaratti,IN,10.57,72.64,81.34,77,100,20.69,overcast clouds
143,Axim,GH,4.87,-2.24,76.28,73,85,7.63,overcast clouds
144,Tasiilaq,GL,65.61,-37.64,50.16,82,62,4.07,broken clouds
145,Pionki,PL,51.48,21.45,72.18,41,97,3.22,overcast clouds
146,Mushie,CD,-3.02,16.9,77.34,68,78,4.25,light rain
147,Yumen,CN,40.28,97.2,71.42,37,81,10.56,broken clouds
148,Soller,ES,39.77,2.72,91.35,68,0,1.99,clear sky
149,East London,ZA,-33.02,27.91,65.34,52,0,5.75,clear sky
150,Nambucca Heads,AU,-30.65,153.0,55.4,68,20,8.81,few clouds
151,Mahebourg,MU,-20.41,57.7,69.26,73,75,23.02,broken clouds
152,San Patricio,US,28.02,-97.52,95.72,43,34,13.13,scattered clouds
153,Thai Binh,VN,20.45,106.33,86.65,81,100,14.32,overcast clouds
154,Mareeba,AU,-17.0,145.43,59.43,91,6,2.19,clear sky
155,Khandbari,NP,27.37,87.2,73.63,95,97,2.3,overcast clouds
156,Saint-Chamond,FR,45.47,4.53,96.91,16,0,9.22,clear sky
157,Krasnoselkup,RU,65.7,82.47,54.77,76,100,8.12,overcast clouds
158,Ponnani,IN,10.77,75.93,74.52,87,100,4.74,light rain
159,Vaini,TO,-21.2,-175.2,74.62,77,64,22.53,broken clouds
160,Sitka,US,57.05,-135.33,53.49,94,100,4.61,moderate rain
161,Eyl,SO,7.98,49.82,77.52,73,92,29.26,overcast clouds
162,Ribeira Grande,PT,38.52,-28.7,77.4,83,75,11.5,broken clouds
163,Thinadhoo,MV,0.53,72.93,82.71,74,100,10.96,overcast clouds
164,Ketchikan,US,55.34,-131.65,55.87,100,100,12.66,light rain
165,Opuwo,NA,-18.06,13.84,64.87,28,2,6.89,clear sky
166,Onguday,RU,50.75,86.15,51.51,82,76,3.6,broken clouds
167,Canutama,BR,-6.53,-64.38,96.35,33,6,4.36,clear sky
168,Phalaborwa,ZA,-23.94,31.14,63.68,52,9,2.77,clear sky
169,Haapiti,PF,-17.57,-149.87,74.93,70,11,4.27,few clouds
170,Weligama,LK,5.97,80.42,79.56,84,75,14.63,broken clouds
171,Nouakchott,MR,18.09,-15.98,85.93,77,31,12.46,scattered clouds
172,Hukuntsi,BW,-24.0,21.75,58.66,41,0,9.73,clear sky
173,Riyadh,SA,24.69,46.72,102.34,10,59,8.84,broken clouds
174,Paamiut,GL,61.99,-49.67,44.37,84,99,0.47,overcast clouds
175,Muhos,FI,64.81,25.99,58.78,89,100,3.4,overcast clouds
176,Airai,TL,-8.93,125.41,51.66,69,97,2.19,overcast clouds
177,Tiksi,RU,71.69,128.87,37.36,98,100,10.42,overcast clouds
178,Liwale,TZ,-9.77,37.93,66.97,69,77,2.55,broken clouds
179,Makakilo City,US,21.35,-158.09,80.92,72,0,16.11,light intensity drizzle
180,Seoul,KR,37.57,126.98,74.64,80,70,1.36,light rain
181,Saint-Francois,FR,46.42,3.91,94.44,24,0,8.05,clear sky
182,Visnes,NO,59.36,5.22,62.82,88,0,5.75,clear sky
183,Campbell River,CA,50.02,-125.24,65.59,68,75,6.91,broken clouds
184,Tygda,RU,53.12,126.33,62.62,92,88,2.04,overcast clouds
185,Lisakovsk,KZ,52.54,62.49,69.71,77,7,7.4,clear sky
186,Constantine,DZ,36.36,6.61,94.41,29,20,16.11,few clouds
187,Richards Bay,ZA,-28.78,32.04,69.3,81,0,13.11,clear sky
188,Xining,CN,36.62,101.77,50.56,93,80,0.63,broken clouds
189,Azangaro,PE,-14.92,-70.22,59.68,29,43,1.88,scattered clouds
190,Beira,MZ,-19.84,34.84,68.09,100,75,6.91,broken clouds
191,Santa Cruz Do Sul,BR,-29.72,-52.43,61.75,64,0,3.04,clear sky
192,Quatre Cocos,MU,-20.21,57.76,69.1,71,91,23.15,light rain
193,Kamaishi,JP,39.27,141.88,70.86,88,80,1.77,broken clouds
194,Zhangjiakou,CN,40.81,114.88,69.31,35,94,3.83,overcast clouds
195,Pangnirtung,CA,66.15,-65.71,48.63,64,100,4.45,overcast clouds
196,Jelenia Gora,PL,50.9,15.73,74.46,59,39,2.3,scattered clouds
197,Srednekolymsk,RU,67.45,153.68,56.77,57,100,5.23,overcast clouds
198,Cidreira,BR,-30.18,-50.21,61.18,77,1,9.48,clear sky
199,Tuktoyaktuk,CA,69.45,-133.04,55.4,94,100,11.5,light rain
200,Zhigansk,RU,66.77,123.37,52.0,93,99,12.88,overcast clouds
201,Longyearbyen,SJ,78.22,15.64,55.24,58,20,18.41,few clouds
202,Sorland,NO,67.67,12.69,53.46,83,98,14.9,overcast clouds
203,Honjo,JP,36.23,139.18,77.67,78,100,3.87,overcast clouds
204,Ayan,RU,56.45,138.17,56.53,96,100,10.47,overcast clouds
205,Ambon,ID,-3.7,128.18,76.23,16,75,2.3,light rain
206,Kuusamo,FI,65.97,29.18,60.84,67,91,5.75,overcast clouds
207,Orbetello,IT,42.44,11.22,81.75,71,41,4.47,scattered clouds
208,Pingliang,CN,35.54,106.69,68.85,49,100,4.81,overcast clouds
209,Ballina,AU,-28.87,153.57,49.78,74,0,6.4,clear sky
210,New Norfolk,AU,-42.78,147.06,38.91,84,58,1.01,broken clouds
211,Grand-Santi,GF,4.25,-54.38,86.18,67,71,4.09,broken clouds
212,Conceicao Da Barra,BR,-18.59,-39.73,77.63,59,64,7.92,broken clouds
213,Menongue,AO,-14.66,17.69,57.52,36,2,4.5,clear sky
214,Taoudenni,ML,22.68,-3.98,108.5,5,1,6.13,clear sky
215,Maputo,MZ,-25.97,32.59,69.48,88,0,8.05,clear sky
216,Goderich,CA,43.75,-81.72,75.9,85,82,13.89,broken clouds
217,Fare,PF,-16.7,-151.02,76.37,67,14,8.34,few clouds
218,Vao,NC,-22.67,167.48,73.85,81,99,3.42,light rain
219,Rocha,UY,-34.48,-54.33,58.69,57,0,10.27,clear sky
220,Luganville,VU,-15.53,167.17,77.94,84,48,8.5,scattered clouds
221,Ankola,IN,14.67,74.3,77.76,89,100,6.8,overcast clouds
222,Torbat-E Jam,IR,35.24,60.62,87.49,11,0,17.9,clear sky
223,Arlit,NE,18.74,7.39,88.63,39,83,28.27,broken clouds
224,Ordzhonikidze,KZ,52.44,61.74,69.62,67,3,9.15,clear sky
225,Cairns,AU,-16.92,145.77,64.06,93,9,10.36,clear sky
226,Meulaboh,ID,4.14,96.13,77.0,83,87,3.13,overcast clouds
227,Lamu,KE,-2.27,40.9,75.42,78,52,17.45,broken clouds
228,Bhola,BD,22.68,90.65,83.17,83,100,8.52,overcast clouds
229,Sibolga,ID,1.74,98.78,78.13,85,99,3.02,overcast clouds
230,Usinsk,RU,65.99,57.53,65.71,65,55,5.73,broken clouds
231,Ponta Delgada,PT,37.73,-25.67,75.92,83,20,13.8,few clouds
232,Udaipur,IN,24.57,73.69,75.29,85,88,5.26,overcast clouds
233,Mossendjo,CG,-2.95,12.73,76.05,59,92,2.08,overcast clouds
234,Harrai,IN,22.62,79.22,75.38,93,55,4.72,broken clouds
235,Esperance,AU,-33.87,121.9,53.89,88,99,5.12,overcast clouds
236,Yulara,AU,-25.24,130.99,50.31,26,5,7.54,clear sky
237,Half Moon Bay,US,37.46,-122.43,86.54,68,0,14.97,mist
238,Cap-Aux-Meules,CA,47.38,-61.86,71.65,73,40,12.66,scattered clouds
239,Avera,US,33.19,-82.53,90.37,47,3,9.73,clear sky
240,Vila Velha,BR,-20.33,-40.29,80.55,75,20,13.8,few clouds
241,Hirado,JP,33.36,129.55,80.38,90,100,24.4,overcast clouds
242,Moose Factory,CA,51.26,-80.61,71.58,83,75,6.91,broken clouds
243,Camacha,PT,33.08,-16.33,69.22,73,40,11.5,scattered clouds
244,Sungairaya,ID,0.7,108.9,78.35,82,84,5.79,broken clouds
245,Kununurra,AU,-15.77,128.73,57.18,88,3,2.3,clear sky
246,Hualmay,PE,-11.1,-77.61,66.7,70,61,11.41,broken clouds
247,Salama,HN,14.83,-86.58,81.3,62,63,4.68,broken clouds
248,Ratnagiri,IN,16.98,73.3,78.31,87,100,6.85,overcast clouds
249,Ossora,RU,59.24,163.07,57.24,92,84,0.45,broken clouds
250,Le Vauclin,MQ,14.55,-60.84,87.85,62,40,19.57,scattered clouds
251,Dukhovshchina,RU,55.19,32.41,56.66,72,71,6.04,broken clouds
252,Salamanca,ES,40.83,-6.0,94.62,20,12,20.71,few clouds
253,Raudeberg,NO,61.99,5.14,56.07,81,95,13.47,overcast clouds
254,Plettenberg Bay,ZA,-34.05,23.37,60.73,81,58,5.95,broken clouds
255,Dunedin,NZ,-45.87,170.5,50.81,91,100,8.99,moderate rain
256,Teahupoo,PF,-17.83,-149.27,69.76,74,49,7.65,light rain
257,Narsaq,GL,60.92,-46.05,62.82,65,73,5.17,broken clouds
258,Leningradskiy,RU,69.38,178.42,33.35,91,100,21.59,light snow
259,Hamilton,US,39.18,-84.53,79.95,82,100,8.05,overcast clouds
260,Komsomolskiy,UZ,40.43,71.72,84.92,23,0,6.91,clear sky
261,Kosh-Agach,RU,50.0,88.67,46.89,89,100,2.19,overcast clouds
262,Maun,BW,-19.98,23.42,59.38,42,0,6.89,clear sky
263,Kavieng,PG,-2.57,150.8,82.36,75,99,13.85,overcast clouds
264,Bombo,ID,-8.61,119.01,75.06,84,96,3.8,overcast clouds
265,Mangaluru,IN,12.87,74.88,76.06,88,75,0.0,broken clouds
266,Moerai,PF,-22.43,-151.33,73.24,78,72,22.73,broken clouds
267,Quimper,FR,48.0,-4.1,93.78,24,0,8.05,clear sky
268,Norman Wells,CA,65.28,-126.83,69.84,56,75,11.5,broken clouds
269,Leua,SK,48.22,18.61,81.5,32,42,5.01,scattered clouds
270,Yeppoon,AU,-23.13,150.73,49.78,84,6,3.87,clear sky
271,Vila Do Maio,CV,15.13,-23.22,79.59,83,100,16.51,overcast clouds
272,Ayagoz,KZ,47.97,80.44,60.39,44,26,5.57,scattered clouds
273,Bontang,ID,0.13,117.5,79.41,80,99,0.98,overcast clouds
274,Taywarah,AF,33.35,64.42,66.7,16,2,4.97,clear sky
275,Los Llanos De Aridane,ES,28.66,-17.92,74.12,81,20,16.11,few clouds
276,Villa Carlos Paz,AR,-31.42,-64.5,60.89,22,1,11.01,clear sky
277,Nioro,GM,13.35,-15.75,87.94,56,85,8.5,light rain
278,Avallon,FR,47.48,3.9,94.42,21,2,7.05,clear sky
279,Westport,US,41.14,-73.36,81.32,95,100,10.36,mist
280,Alofi,NU,-19.06,-169.92,71.49,94,40,8.05,scattered clouds
281,Batagay-Alyta,RU,67.8,130.41,52.21,94,100,5.17,overcast clouds
282,Carinhanha,BR,-14.3,-43.76,88.25,28,14,12.41,few clouds
283,Carnarvon,AU,-24.87,113.63,64.26,68,0,13.31,clear sky
284,Alyangula,AU,-13.85,136.42,68.61,87,50,5.86,scattered clouds
285,Padang,ID,-0.95,100.35,77.16,81,53,3.96,broken clouds
286,Lithakia,GR,37.72,20.83,85.37,54,20,9.22,few clouds
287,Bata,GQ,1.86,9.77,77.34,75,74,9.51,broken clouds
288,Buraydah,SA,26.33,43.98,100.85,10,65,9.51,broken clouds
289,Santa Cruz Del Sur,CU,20.71,-78.0,90.36,56,6,11.52,clear sky
290,Katherine,AU,-14.47,132.27,61.12,72,6,5.75,clear sky
291,Alta Floresta,BR,-9.88,-56.09,96.33,17,0,5.14,clear sky
292,Ponta Do Sol,PT,32.67,-17.1,76.01,76,8,3.4,clear sky
293,Port Elizabeth,ZA,-33.92,25.57,64.31,92,75,5.75,broken clouds
294,Alcantara,BR,-2.41,-44.41,89.8,78,85,10.16,light rain
295,Hay River,CA,60.82,-115.8,73.38,40,2,10.36,clear sky
296,Dikson,RU,73.51,80.55,46.33,75,19,13.06,few clouds
297,Tahlequah,US,35.92,-94.97,94.28,32,0,6.26,clear sky
298,Dhulagari,IN,22.59,88.17,84.09,79,80,9.78,broken clouds
299,Ampanihy,MG,-24.7,44.75,66.52,72,3,13.76,clear sky
300,Kashan,IR,33.98,51.44,92.8,10,0,8.16,clear sky
301,Rochelle,FR,46.25,-1.0,102.94,15,0,17.27,clear sky
302,Balsas,BR,-7.53,-46.04,95.92,23,22,7.49,few clouds
303,Bubaque,GW,11.28,-15.83,79.09,83,100,12.06,overcast clouds
304,Antanifotsy,MG,-19.65,47.32,47.68,90,94,8.7,overcast clouds
305,Merauke,ID,-8.47,140.33,75.45,90,90,11.68,overcast clouds
306,Barinas,VE,8.62,-70.21,73.26,95,100,8.21,overcast clouds
307,Saint-Joseph,RE,-21.37,55.62,66.58,77,44,19.06,scattered clouds
308,Ilulissat,GL,69.22,-51.1,48.22,81,20,8.05,few clouds
309,Ulladulla,AU,-35.35,150.47,44.29,79,34,11.07,scattered clouds
310,Guerrero Negro,MX,27.98,-114.06,81.3,48,6,7.92,clear sky
311,Afonso Claudio,BR,-20.07,-41.12,81.86,38,12,6.31,few clouds
312,Baykit,RU,61.67,96.37,56.35,98,100,4.76,moderate rain
313,Henties Bay,NA,-22.12,14.28,60.96,76,4,13.13,clear sky
314,Fairbanks,US,64.84,-147.72,56.61,91,100,9.22,light rain
315,Jacareacanga,BR,-6.22,-57.75,97.5,27,12,4.63,few clouds
316,Hailar,CN,49.2,119.7,62.69,88,97,5.08,overcast clouds
317,Aiquile,BO,-18.2,-65.18,76.08,31,72,7.94,broken clouds
318,Riacho De Santana,BR,-13.61,-42.94,83.62,34,12,14.45,few clouds
319,Ippy,CF,6.27,21.22,70.83,91,93,3.65,light rain
320,Babocsa,HU,46.04,17.34,75.65,30,16,5.48,few clouds
321,Nouadhibou,MR,20.93,-17.03,69.15,87,12,19.04,few clouds
322,Tuban,ID,-6.9,112.06,75.67,86,76,7.27,broken clouds
323,Cayenne,GF,4.93,-52.33,82.09,1,75,10.36,fog
324,Pahrump,US,36.21,-115.98,98.65,26,82,5.99,broken clouds
325,Talaya,RU,61.38,152.75,61.95,91,56,8.14,broken clouds
326,Zaragoza,ES,41.66,-0.88,102.65,25,0,16.11,clear sky
327,Coquimbo,CL,-29.95,-71.34,60.53,72,0,11.5,clear sky
328,Corlu,TR,41.16,27.8,67.98,68,0,16.11,clear sky
329,Acarau,BR,-2.89,-40.12,84.72,58,14,18.25,few clouds
330,Ancud,CL,-41.87,-73.82,44.22,69,93,6.76,overcast clouds
331,Bairiki,KI,1.33,172.98,80.6,83,20,11.5,few clouds
332,Broome,US,42.25,-75.83,77.7,86,100,8.05,overcast clouds
333,La Paz,BO,-16.5,-68.15,60.78,33,40,6.91,scattered clouds
334,Anadyr,RU,64.75,177.48,46.49,65,22,29.51,few clouds
335,Novo Selo,MK,41.41,22.88,72.19,34,0,0.98,clear sky
336,Talnakh,RU,69.49,88.4,55.47,62,77,2.3,broken clouds
337,Ostrovnoy,RU,68.05,39.51,56.43,86,73,6.76,broken clouds
338,Saint Anthony,US,45.02,-93.22,95.11,48,0,13.8,clear sky
339,Karratha,AU,-20.74,116.85,67.95,68,0,4.52,clear sky
340,Xique-Xique,BR,-10.82,-42.73,86.32,36,3,13.96,clear sky
341,Rawson,AR,-43.3,-65.1,50.4,37,20,25.3,few clouds
342,Grand Gaube,MU,-20.01,57.66,69.39,68,82,8.99,broken clouds
343,Khalkhal,IR,37.62,48.53,67.82,38,0,7.36,clear sky
344,Yatou,CN,37.15,122.38,70.81,79,42,5.1,scattered clouds
345,Flin Flon,CA,54.77,-101.86,78.64,50,75,5.75,smoke
346,Saint-Augustin,CA,51.23,-58.65,74.88,46,53,12.62,broken clouds
347,Kalmunai,LK,7.42,81.82,80.8,83,69,5.12,broken clouds
348,Lascahobas,HT,18.83,-71.94,94.64,34,6,2.77,clear sky
349,Dingle,PH,11.0,122.67,75.15,94,100,1.99,overcast clouds
350,Fort Stewart,US,31.87,-81.61,89.69,89,75,6.91,broken clouds
351,Te Anau,NZ,-45.42,167.72,42.82,96,100,1.95,overcast clouds
352,Hami,CN,42.8,93.45,82.94,25,43,8.86,scattered clouds
353,Natal,BR,-5.8,-35.21,77.65,94,75,6.91,broken clouds
354,Ko Samui,TH,9.54,99.94,84.04,75,44,8.37,light rain
355,Veraval,IN,20.9,70.37,81.0,84,100,13.33,overcast clouds
356,Limbang,MY,4.75,115.0,80.71,87,98,1.83,overcast clouds
357,Uruguaiana,BR,-29.75,-57.09,62.53,63,0,10.36,clear sky
358,Mobai,SL,7.99,-10.75,74.43,96,96,5.46,moderate rain
359,Faya,SA,18.39,42.45,72.12,39,58,3.91,broken clouds
360,San Cristobal,VE,7.77,-72.22,77.18,71,88,6.17,overcast clouds
361,Seinajoki,FI,62.79,22.83,60.89,75,0,6.91,clear sky
362,Selcuk,TR,37.95,27.37,85.87,27,0,17.54,clear sky
363,Ishigaki,JP,24.34,124.16,84.33,89,75,12.66,broken clouds
364,Dhidhdhoo,MV,6.88,73.1,80.42,78,100,16.33,light rain
365,Egvekinot,RU,66.32,-179.17,35.8,53,88,10.0,overcast clouds
366,Lagoa,PT,39.05,-27.98,70.36,87,22,11.1,few clouds
367,Namibe,AO,-15.2,12.15,64.69,91,13,6.08,few clouds
368,Honiara,SB,-9.43,159.95,76.08,84,15,4.81,few clouds
369,Shelopugino,RU,51.65,117.56,56.39,83,27,3.09,scattered clouds
370,Pevek,RU,69.7,170.31,32.49,81,100,4.23,overcast clouds
371,Daru,PG,-9.08,143.21,76.35,90,93,16.24,overcast clouds
372,Pyinmana,MM,19.73,96.22,76.32,96,100,4.34,overcast clouds
373,Itarema,BR,-2.92,-39.92,84.15,56,8,17.16,clear sky
374,Salinopolis,BR,-0.61,-47.36,82.17,75,42,15.84,scattered clouds
375,Soderhamn,SE,61.3,17.06,60.19,79,98,10.16,overcast clouds
376,Flinders,AU,-34.58,150.86,49.17,69,65,11.99,broken clouds
377,Akyab,MM,20.15,92.9,81.99,85,91,5.77,overcast clouds
378,Nuqui,CO,5.71,-77.27,80.85,82,91,8.21,overcast clouds
379,Koumac,NC,-20.57,164.28,71.51,92,95,4.63,overcast clouds
380,Rolla,US,37.95,-91.77,88.21,48,20,9.22,few clouds
381,Beruwala,LK,6.48,79.98,79.63,85,71,11.39,broken clouds
382,Hofn,IS,64.25,-15.21,53.62,76,100,10.36,overcast clouds
383,Melita,CA,49.27,-101.0,83.53,53,53,7.4,broken clouds
384,Sapouy,BF,11.55,-1.77,79.84,70,99,7.74,overcast clouds
385,Gat,IL,31.61,34.76,82.81,100,0,5.7,clear sky
386,Pringsewu,ID,-5.36,104.97,72.9,97,11,0.54,few clouds
387,Virginia Beach,US,36.85,-75.98,94.01,60,75,10.36,broken clouds
388,Fortuna,US,40.6,-124.16,73.92,68,1,1.99,clear sky
389,Najran,SA,17.49,44.13,92.05,27,91,7.36,overcast clouds
390,Palomares,MX,17.15,-95.07,85.15,70,42,8.59,scattered clouds
391,Steamboat Springs,US,40.48,-106.83,86.94,36,0,6.91,clear sky
392,Pirgos,GR,35.12,25.72,82.62,35,0,20.58,clear sky
393,Vallenar,CL,-28.57,-70.76,73.98,15,0,2.8,clear sky
394,Chikwawa,MW,-16.03,34.8,70.52,71,81,4.85,broken clouds
395,Zhaoqing,CN,23.05,112.46,84.81,94,100,2.75,overcast clouds
396,Lompoc,US,34.64,-120.46,77.92,77,0,5.01,clear sky
397,Murzzuschlag,AT,47.6,15.68,64.26,72,58,1.01,broken clouds
398,Rockland,US,41.17,-74.05,81.77,92,100,7.87,heavy intensity rain
399,Aquiraz,BR,-3.9,-38.39,89.46,58,6,13.6,clear sky
400,Tilichiki,RU,60.47,166.1,52.36,77,77,2.53,broken clouds
401,Shunyi,CN,40.12,116.65,73.35,88,0,4.47,clear sky
402,Limanowa,PL,49.71,20.42,70.29,66,84,1.48,broken clouds
403,Morondava,MG,-20.28,44.28,74.37,61,20,9.44,few clouds
404,Bulaevo,KZ,54.91,70.44,62.69,65,51,4.85,broken clouds
405,Shchigry,RU,51.88,36.9,60.62,87,36,7.94,scattered clouds
406,Pontianak,ID,-0.03,109.33,75.18,100,85,1.14,overcast clouds
407,Vrangel,RU,42.73,133.08,64.6,86,99,6.51,overcast clouds
408,Aba,NG,5.11,7.37,77.09,73,95,5.5,overcast clouds
409,Nador,MA,35.17,-2.93,82.47,74,75,5.75,broken clouds
410,Saint-Pierre,RE,-21.34,55.48,67.68,73,0,27.63,clear sky
411,Makubetsu,JP,45.37,141.82,59.18,91,58,6.11,broken clouds
412,Mayo,US,38.89,-76.51,93.04,71,40,12.66,scattered clouds
413,Bonfim,BR,3.08,-59.95,88.05,59,85,6.22,overcast clouds
414,Russkaya Polyana,UA,49.42,31.92,65.08,53,87,7.58,overcast clouds
415,Oranjemund,NA,-28.55,16.43,56.98,88,29,8.1,scattered clouds
416,Dudinka,RU,69.41,86.18,55.81,66,98,10.87,overcast clouds
417,Mount Isa,AU,-20.73,139.5,56.97,51,0,10.36,clear sky
418,Luanda,AO,-8.84,13.23,71.6,83,75,9.22,broken clouds
419,Porto Walter,BR,-8.27,-72.74,81.45,82,87,3.11,overcast clouds
420,Kapit,MY,2.02,112.93,75.76,86,100,0.81,overcast clouds
421,Kattivakkam,IN,13.22,80.32,86.09,81,100,8.79,overcast clouds
422,Aksarka,RU,66.56,67.8,61.68,60,82,4.5,broken clouds
423,Dana Point,US,33.47,-117.7,92.95,73,13,4.0,few clouds
424,Burnie,AU,-41.07,145.92,34.95,70,3,5.59,clear sky
425,Portland,US,45.52,-122.68,70.75,67,75,5.75,broken clouds
426,Cravo Norte,CO,6.3,-70.2,79.75,80,94,5.99,light rain
427,Klaksvik,FO,62.23,-6.59,54.52,89,91,5.08,overcast clouds
428,Grootfontein,NA,-19.57,18.12,49.57,50,0,3.44,clear sky
429,Whitecourt,CA,54.15,-115.69,74.44,40,20,9.22,few clouds
430,Amapa,BR,1.0,-52.0,79.88,87,56,4.74,broken clouds
431,Qasigiannguit,GL,68.82,-51.19,48.45,73,43,0.85,scattered clouds
432,Adeje,ES,28.12,-16.73,77.86,66,0,21.85,clear sky
433,Inhambane,MZ,-23.86,35.38,67.98,94,40,0.0,scattered clouds
434,Massaguet,TD,12.48,15.44,85.98,50,35,10.78,scattered clouds
435,Aykhal,RU,66.0,111.5,46.24,94,100,6.89,overcast clouds
436,Morgan City,US,29.7,-91.21,93.0,55,51,8.21,broken clouds
437,Les Cayes,HT,18.2,-73.75,89.73,56,18,16.42,few clouds
438,Ferme-Neuve,CA,46.7,-75.45,74.16,91,100,6.17,overcast clouds
439,Kitimat,CA,54.05,-128.65,59.38,23,100,1.99,overcast clouds
440,Berlevag,NO,70.86,29.09,66.2,77,66,11.5,broken clouds
441,Sabha,LY,27.04,14.43,89.82,18,0,13.6,clear sky
442,Diego De Almagro,CL,-26.37,-70.05,74.8,9,0,5.23,clear sky
443,Wasco,US,35.59,-119.34,97.27,22,0,6.91,clear sky
444,Kutum,SD,14.2,24.67,85.89,31,69,7.83,broken clouds
445,Bambanglipuro,ID,-7.95,110.28,75.31,87,61,7.92,broken clouds
446,Namatanai,PG,-3.67,152.43,78.06,75,94,7.87,overcast clouds
447,Urubamba,PE,-13.3,-72.12,63.5,57,97,6.06,overcast clouds
448,Necochea,AR,-38.55,-58.74,50.67,63,62,17.6,broken clouds
449,Kudahuvadhoo,MV,2.67,72.89,81.66,76,100,12.39,overcast clouds
450,Mudon,MM,16.26,97.72,78.37,90,66,4.99,broken clouds
451,Luderitz,NA,-26.65,15.16,61.03,74,7,9.86,clear sky
452,Pilar,BR,-9.6,-35.96,80.53,80,19,10.02,few clouds
453,Lakes Entrance,AU,-37.88,147.98,41.16,71,97,4.54,overcast clouds
454,Albanel,CA,48.88,-72.45,86.14,45,19,10.36,few clouds
455,Turtas,RU,58.94,69.13,59.65,71,32,2.77,scattered clouds
456,Basco,PH,20.45,121.97,84.97,78,88,12.75,overcast clouds
457,Aklavik,CA,68.22,-135.01,68.18,57,99,1.23,light rain
458,Gorin,RU,51.2,136.67,57.22,99,100,9.04,overcast clouds
459,Mandalgovi,MN,45.76,106.27,73.36,29,100,10.22,overcast clouds
460,Codrington,AU,-38.27,141.97,47.62,73,100,8.23,overcast clouds
461,Orodara,BF,10.95,-4.93,75.61,85,71,5.17,light rain
462,Yantal,RU,56.85,105.25,58.93,83,94,0.34,overcast clouds
463,Rio Grande,BR,-32.03,-52.1,66.31,66,4,1.19,clear sky
464,Ogulin,HR,45.27,15.23,69.6,58,0,0.74,clear sky
465,Port Lincoln,AU,-34.73,135.87,52.7,61,100,10.2,overcast clouds
466,Southbridge,US,42.08,-72.03,77.11,96,100,5.93,light rain
467,Beringovskiy,RU,63.05,179.32,48.33,53,31,17.98,scattered clouds
468,Fos-Sur-Mer,FR,43.44,4.94,92.64,48,0,6.91,clear sky
469,Lashio,MM,22.93,97.75,69.82,98,97,1.34,overcast clouds
470,Nkhotakota,MW,-12.93,34.3,71.46,65,77,5.35,broken clouds
471,Kaseda,JP,31.42,130.32,81.66,91,100,20.71,overcast clouds
472,Miles City,US,46.41,-105.84,97.77,21,0,6.91,clear sky
473,Yaring,TH,6.87,101.37,80.37,85,82,4.23,broken clouds
474,Jogeva,EE,58.75,26.39,60.89,72,96,2.13,overcast clouds
475,Benguela,AO,-12.58,13.41,68.45,87,59,5.1,broken clouds
476,Isangel,VU,-19.55,169.27,76.15,88,49,9.4,scattered clouds
477,Hobyo,SO,5.35,48.53,76.75,76,90,26.53,overcast clouds
478,Smiths Falls,CA,44.9,-76.02,70.66,96,100,7.56,overcast clouds
479,Torbay,CA,47.67,-52.73,80.89,48,40,18.41,scattered clouds
480,Arvika,SE,59.66,12.59,70.41,62,91,6.93,overcast clouds
481,Tulun,RU,54.56,100.58,57.13,94,100,5.01,overcast clouds
482,Shingu,JP,33.73,135.98,79.05,93,100,6.82,moderate rain
483,Bitung,ID,1.45,125.18,72.45,81,100,9.53,overcast clouds
484,Adrar,MR,20.5,-10.07,105.71,16,32,0.72,scattered clouds
485,Marawi,PH,8.0,124.29,69.04,97,100,4.32,overcast clouds
486,Mitsamiouli,KM,-11.38,43.28,76.28,73,63,8.05,broken clouds
487,Olafsvik,IS,64.89,-23.71,53.01,76,100,5.41,overcast clouds
488,Broken Hill,AU,-31.95,141.43,40.39,67,5,7.18,clear sky
489,Sovetskiy,RU,61.36,63.58,63.59,59,13,1.3,few clouds
490,Chapada Dos Guimaraes,BR,-15.46,-55.75,78.46,18,20,7.67,few clouds
491,Soweto,ZA,-26.27,27.86,54.23,57,0,1.14,clear sky
492,Banjar,ID,-8.19,114.97,74.32,89,94,4.47,overcast clouds
493,Concepcion,CL,-36.83,-73.05,51.6,62,20,11.5,few clouds
494,Bafq,IR,31.61,55.41,90.43,8,0,5.32,clear sky
495,Shakiso,ET,5.75,38.92,58.86,87,99,1.05,overcast clouds
496,Mackenzie,CA,55.3,-123.17,66.42,59,75,11.5,broken clouds
497,Grafton,US,42.21,-71.69,79.32,93,100,9.22,light rain
498,Bonthe,SL,7.53,-12.5,77.43,85,99,16.44,light rain
499,Kuantan,MY,3.81,103.33,80.71,89,40,1.14,scattered clouds
500,Labuhan,ID,-6.88,112.21,76.03,86,76,8.1,broken clouds
501,Elko,US,41.0,-115.5,88.05,27,19,11.99,few clouds
502,Newtownards,GB,54.59,-5.69,81.34,57,25,12.66,scattered clouds
503,Pemberton,CA,50.32,-122.8,62.29,63,70,4.25,broken clouds
504,Sosnovo-Ozerskoye,RU,52.52,111.54,57.45,57,7,4.63,clear sky
505,Aranos,NA,-24.13,19.12,57.49,31,0,11.56,clear sky
506,Wajir,KE,1.75,40.06,82.24,45,81,22.7,broken clouds
507,Laredo,US,27.51,-99.51,98.89,36,0,11.5,clear sky
508,Taltal,CL,-25.4,-70.48,62.85,64,13,3.89,few clouds
509,Saint-Denis,FR,48.92,2.33,99.23,20,0,8.05,clear sky
510,La Libertad,EC,-2.23,-80.9,69.46,83,100,8.05,overcast clouds
511,Kamenka,RU,51.32,42.77,62.51,64,70,11.23,broken clouds
512,Pochutla,MX,15.74,-96.47,91.22,59,96,5.5,overcast clouds
513,Brae,GB,60.4,-1.35,58.5,70,89,2.86,overcast clouds
514,Kokopo,PG,-4.35,152.26,76.69,83,96,4.94,overcast clouds
515,Kieta,PG,-6.22,155.63,78.21,80,12,3.24,few clouds
516,Waverly,US,42.74,-84.62,87.94,48,20,9.22,few clouds
517,Trairi,BR,-3.28,-39.27,83.71,55,7,14.65,clear sky
518,Dalbandin,PK,28.89,64.41,93.02,37,74,16.71,broken clouds
519,Ingham,US,42.6,-84.38,87.42,51,40,8.05,scattered clouds
520,Aasiaat,GL,68.71,-52.87,39.69,86,39,4.5,scattered clouds
521,Kroya,ID,-7.63,109.25,76.68,88,86,6.91,overcast clouds
522,Lesozavodsk,RU,45.48,133.42,62.17,97,97,1.48,overcast clouds
523,Susangerd,IR,31.56,48.18,108.21,8,2,14.2,clear sky
524,Yar-Sale,RU,66.83,70.83,60.35,63,99,2.42,overcast clouds
525,Caborca,MX,30.58,-111.1,89.19,48,29,4.47,scattered clouds
526,Taua,BR,-5.97,-40.3,91.67,23,3,12.08,clear sky
527,Vitim,RU,59.45,112.56,53.35,88,0,4.74,clear sky
528,Benjamin Constant,BR,-4.38,-70.03,84.33,79,40,6.91,thunderstorm
529,Luchegorsk,RU,46.48,134.26,61.54,97,70,2.62,broken clouds
530,Orange Cove,US,36.62,-119.31,100.6,25,40,0.0,scattered clouds
531,Tromso,NO,69.65,18.96,55.42,71,75,5.75,broken clouds
532,Nabire,ID,-3.37,135.48,75.24,92,100,3.47,overcast clouds
533,Anchorage,US,61.22,-149.9,56.28,90,100,5.75,light rain
534,Nago,JP,26.59,127.98,82.83,88,100,14.09,overcast clouds
535,Comodoro Rivadavia,AR,-45.87,-67.5,48.06,46,0,29.93,clear sky
536,Malpura,IN,26.28,75.38,91.38,58,83,4.36,light rain
537,San Rafael,AR,-34.62,-68.33,48.78,35,45,4.94,scattered clouds
538,Waipawa,NZ,-41.41,175.52,52.23,70,100,12.08,overcast clouds
539,Itoman,JP,26.12,127.67,82.78,94,100,9.22,overcast clouds
540,Magdagachi,RU,53.45,125.8,65.07,85,98,2.89,overcast clouds
541,Shigony,RU,53.39,48.68,69.03,95,88,12.77,moderate rain
542,Sistranda,NO,63.73,8.83,53.56,86,58,19.24,broken clouds
543,Namuac,PH,18.61,121.17,79.65,87,86,6.91,overcast clouds
544,Pedernales,DO,18.04,-71.74,89.85,52,3,4.79,clear sky
545,Marsaxlokk,MT,35.84,14.54,86.61,51,0,5.75,clear sky
546,Mastic Beach,US,40.77,-72.85,81.99,91,100,17.0,overcast clouds
547,Mecca,SA,21.43,39.83,91.4,23,15,7.27,few clouds
548,Pacifica,US,37.61,-122.49,85.98,75,20,14.97,mist
549,Fereydun Kenar,IR,36.69,52.52,81.84,69,0,3.27,clear sky
550,Wilson,US,36.15,-86.28,79.45,89,75,6.91,broken clouds
551,Vryburg,ZA,-26.96,24.73,55.67,46,0,6.78,clear sky
552,Nyakahanga,TZ,-1.6,31.14,62.83,50,67,1.48,broken clouds
553,Uyemskiy,RU,64.47,40.85,64.45,77,40,4.47,scattered clouds
554,Lively,CA,46.43,-81.15,85.12,40,27,4.29,scattered clouds
555,Galle,LK,6.04,80.22,80.2,84,78,16.2,broken clouds
556,Russell,US,32.35,-85.2,91.0,58,75,5.75,broken clouds
557,Havre-Saint-Pierre,CA,50.23,-63.6,66.56,77,0,20.71,clear sky
558,Jasper,US,37.2,-94.35,93.11,41,0,9.22,clear sky
559,Mangrol,IN,21.12,70.12,81.07,83,98,12.93,overcast clouds
560,Aurangabad,IN,19.88,75.33,71.28,93,98,10.54,overcast clouds
561,Leona Vicario,MX,20.97,-87.19,87.67,41,5,8.43,clear sky
562,Kozhva,RU,65.11,57.05,63.9,80,37,2.33,scattered clouds
563,Huilong,CN,31.81,121.66,79.93,91,82,3.09,broken clouds
564,Shache,CN,38.42,77.24,88.72,13,0,4.61,clear sky
565,Riberalta,BO,-10.98,-66.1,80.8,57,7,6.91,clear sky
566,Eydhafushi,MV,5.1,73.07,81.73,76,100,17.43,light rain
567,Tiarei,PF,-17.53,-149.33,75.22,74,25,6.89,scattered clouds
568,Montepuez,MZ,-13.13,39.0,68.04,71,96,6.85,overcast clouds
569,Bereda,ES,43.27,-7.54,77.41,68,77,1.95,broken clouds
570,Baker City,US,44.77,-117.83,65.91,40,0,4.61,clear sky
571,Jais,IN,26.25,81.53,95.11,42,78,9.93,broken clouds
572,Aspindza,GE,41.57,43.25,65.08,97,50,4.83,scattered clouds
573,Lazaro Cardenas,MX,17.96,-102.2,86.4,60,95,5.46,overcast clouds
574,Estevan,CA,49.13,-102.98,81.21,74,0,8.05,clear sky
575,Jojoima,SL,7.88,-10.79,74.28,96,95,5.84,light rain
576,Kruisfontein,ZA,-34.0,24.73,60.89,85,33,2.46,scattered clouds
577,Enid,US,36.4,-97.88,101.98,37,0,13.8,clear sky
578,Constitucion,CL,-35.33,-72.42,55.04,76,100,8.21,overcast clouds
579,Zharkent,KZ,44.16,80.0,74.25,34,2,4.79,clear sky
580,Asau,RO,46.43,26.4,67.28,50,66,3.11,broken clouds
581,Mishelevka,RU,52.86,103.17,61.03,98,95,7.4,overcast clouds
582,Ledyard,US,41.44,-72.01,77.41,82,100,12.66,mist
583,Teguldet,RU,57.31,88.17,54.45,98,100,8.37,overcast clouds
584,Sisimiut,GL,66.94,-53.67,46.02,87,100,6.6,overcast clouds
585,Khani,GE,41.96,42.96,63.97,98,90,1.57,overcast clouds
586,Strzelce Krajenskie,PL,52.88,15.53,71.37,50,88,4.88,overcast clouds
587,Lavrentiya,RU,65.58,-171.0,38.43,68,71,14.88,broken clouds
588,Nizhniye Vyazovyye,RU,55.8,48.52,65.77,97,87,8.7,moderate rain
589,Chicama,PE,-7.84,-79.15,61.34,57,64,9.42,broken clouds
590,Khonsa,IN,27.02,95.57,69.04,98,98,3.11,overcast clouds
591,Meadow Lake,US,34.8,-106.54,94.6,25,76,7.92,broken clouds
592,Tiznit,MA,29.58,-9.5,86.23,39,53,5.21,broken clouds
593,Herne Bay,GB,51.37,1.13,96.06,24,48,7.61,scattered clouds
594,Lake City,US,30.19,-82.64,83.62,78,40,9.22,scattered clouds
595,Igarka,RU,67.47,86.58,53.29,72,92,10.27,overcast clouds
596,Colares,PT,38.8,-9.45,76.33,65,40,14.0,scattered clouds
597,Raahe,FI,64.68,24.48,59.09,74,80,8.75,broken clouds
598,Addison,US,41.93,-87.99,89.1,51,20,6.91,few clouds
599,Passi,PH,11.15,122.65,75.61,96,100,2.15,overcast clouds
600,Beyneu,KZ,45.32,55.2,97.52,16,0,21.39,clear sky
601,Helena,US,46.59,-112.04,88.41,31,20,13.0,few clouds
602,Ojinaga,MX,29.57,-104.42,98.42,29,0,3.44,clear sky
603,Sevierville,US,35.87,-83.56,91.42,49,75,11.5,broken clouds
604,Angoram,PG,-4.06,144.07,73.08,99,98,0.78,moderate rain
605,Suntar,RU,62.14,117.63,60.3,93,99,5.82,overcast clouds
606,Puerto Madryn,AR,-42.77,-65.04,50.77,35,39,21.74,scattered clouds
607,Prado,BR,-17.34,-39.22,76.96,59,41,7.78,scattered clouds
608,Lata,PT,40.16,-8.33,74.46,52,0,10.87,clear sky
609,Tolaga Bay,NZ,-38.37,178.3,50.16,86,100,9.84,overcast clouds
610,Shenjiamen,CN,29.96,122.3,77.0,97,96,6.31,overcast clouds
611,Nara,JP,34.69,135.8,79.92,90,100,1.97,light rain
612,Esso,RU,55.93,158.7,59.09,79,59,4.09,broken clouds
613,Porbandar,IN,21.64,69.61,81.34,84,99,12.41,overcast clouds
614,Asfi,MA,32.3,-9.24,74.8,69,51,19.84,broken clouds
615,Noumea,NC,-22.28,166.46,73.99,99,99,3.18,light rain
616,Aparecida Do Taboado,BR,-20.09,-51.09,91.49,23,39,9.06,scattered clouds
617,Inta,RU,66.03,60.17,64.9,73,68,0.87,broken clouds
618,Bokoro,TD,12.38,17.06,85.28,55,73,8.34,broken clouds
619,Chau Doc,VN,10.7,105.12,78.6,90,100,5.68,moderate rain
620,Atambua,ID,-9.11,124.89,64.44,80,99,5.57,overcast clouds
621,Sharjah,AE,25.36,55.4,100.38,41,0,4.61,clear sky
622,Illapel,CL,-31.63,-71.17,67.64,35,36,2.44,scattered clouds
623,Nisia Floresta,BR,-6.09,-35.21,82.78,79,95,14.2,overcast clouds
624,Elizabeth City,US,36.29,-76.25,92.05,68,75,10.36,broken clouds
625,Moron,AR,-34.65,-58.62,64.02,48,2,5.44,clear sky
626,Otane,NZ,-39.88,176.63,56.01,82,100,6.33,overcast clouds
627,Omsukchan,RU,62.53,155.8,57.99,74,77,5.68,broken clouds
628,Gushi,CN,34.64,109.58,69.19,93,100,7.43,heavy intensity rain
629,Antofagasta,CL,-23.65,-70.4,65.21,56,13,7.0,few clouds
630,Krasnovishersk,RU,60.41,57.08,66.09,67,54,2.21,broken clouds
631,Debre Tabor,ET,11.85,38.02,55.29,81,92,1.99,overcast clouds
632,Polunochnoye,RU,60.87,60.42,61.09,94,27,1.21,scattered clouds
633,Novaya Zaimka,RU,56.49,66.92,60.28,75,64,4.34,broken clouds
634,Palmer,US,42.16,-72.33,76.68,86,100,13.8,moderate rain
635,Bratsk,RU,56.13,101.61,57.69,95,100,6.11,overcast clouds
636,Pacific Grove,US,36.62,-121.92,75.34,80,0,5.75,clear sky
637,Steinbach,DE,50.17,8.57,92.79,17,0,4.61,clear sky
638,Saint-Dizier,FR,48.42,5.08,93.69,15,7,8.19,clear sky
639,Lonevag,NO,60.53,5.49,62.28,92,87,1.99,overcast clouds
640,Igrim,RU,63.19,64.42,62.11,58,33,1.88,scattered clouds
641,Barrhead,GB,55.8,-4.39,81.75,41,4,6.91,clear sky
642,Port Keats,AU,-14.25,129.55,65.84,81,20,4.47,few clouds
643,Borujerd,IR,33.9,48.75,88.03,13,0,3.09,clear sky
644,Chizhou,CN,30.66,117.48,77.59,84,100,3.49,overcast clouds
645,Bilibino,RU,68.05,166.44,42.1,70,86,3.0,overcast clouds
646,Temerloh,MY,3.45,102.42,77.34,93,99,1.66,heavy intensity rain
647,Dakar,SN,14.69,-17.44,86.13,66,40,13.8,scattered clouds
648,Ahmadnagar,IN,19.08,74.73,71.2,90,100,10.36,overcast clouds
649,Roma,US,43.21,-75.46,78.73,94,100,9.22,overcast clouds
650,Port Hawkesbury,CA,45.62,-61.35,87.89,48,40,12.66,scattered clouds
651,Taquarituba,BR,-23.53,-49.24,76.23,53,92,7.7,overcast clouds
652,Scarborough,GB,54.28,-0.4,88.34,42,40,11.99,scattered clouds
653,Omboue,GA,-1.57,9.26,72.64,82,51,7.2,broken clouds
654,Vaitape,PF,-16.52,-151.75,77.13,65,34,8.72,scattered clouds
655,Ugoofaaru,MV,5.67,73.0,81.73,75,100,18.48,overcast clouds
656,Roebourne,AU,-20.78,117.13,67.01,68,0,2.55,clear sky
657,Pasighat,IN,28.07,95.33,77.02,97,96,2.64,overcast clouds
658,Lufilufi,WS,-13.87,-171.6,73.18,75,78,22.57,broken clouds
659,Kaliua,TZ,-5.06,31.79,70.43,37,38,5.44,scattered clouds
660,Janikowo,PL,52.75,18.11,73.06,79,92,6.11,overcast clouds
661,Moba,CN,33.23,105.02,59.65,64,100,4.63,moderate rain
662,Aljezur,PT,37.32,-8.8,71.62,66,0,12.19,clear sky
663,Mbekenyera,TZ,-10.0,38.98,70.23,69,57,7.34,broken clouds
664,Carballo,ES,43.21,-8.69,78.49,58,0,9.69,clear sky
665,Yinchuan,CN,38.47,106.27,76.73,33,100,10.51,overcast clouds
666,Cortez,US,37.35,-108.59,88.56,26,0,10.36,clear sky
667,Pumiao,CN,22.75,108.48,84.6,92,100,10.16,overcast clouds
668,Jiangyou,CN,31.77,104.72,71.29,77,99,1.48,overcast clouds
669,Ternate,ID,0.8,127.4,77.18,84,99,6.08,overcast clouds
670,Maniitsoq,GL,65.42,-52.9,44.31,90,99,3.29,overcast clouds
671,Imeni Poliny Osipenko,RU,52.42,136.49,55.8,98,100,11.65,moderate rain
672,Meridian,US,43.61,-116.39,82.53,25,0,12.66,clear sky
673,Ca Mau,VN,9.18,105.15,78.6,89,99,4.07,overcast clouds
674,Kalulushi,ZM,-12.84,28.09,58.96,43,8,2.8,clear sky
675,Manuk Mangkaw,PH,4.8,119.85,81.95,74,100,3.56,overcast clouds
676,Kannangad,IN,12.31,75.11,78.04,82,100,0.67,overcast clouds
677,Jega,NG,12.22,4.38,78.08,79,94,3.65,light rain
678,Zambezi,ZM,-13.54,23.1,59.52,36,4,4.41,clear sky
679,Sloboda,RU,51.14,40.3,58.6,81,15,10.65,few clouds
680,West Bay,KY,19.37,-81.42,90.05,72,20,12.66,few clouds
681,Novopavlovsk,RU,43.96,43.63,76.41,55,98,10.96,overcast clouds
682,Mahon,ES,39.89,4.27,84.76,58,0,6.91,clear sky
683,Djibo,BF,14.1,-1.63,94.84,34,80,1.9,broken clouds
684,Sao Lourenco,BR,-22.12,-45.05,82.42,35,36,4.18,scattered clouds
685,Iquitos,PE,-3.75,-73.25,80.64,83,75,6.91,broken clouds
686,Concarneau,FR,47.88,-3.92,96.82,44,7,5.26,clear sky
687,Pondicherry,IN,11.93,79.83,84.49,69,100,4.41,overcast clouds
688,Sobolevo,RU,54.43,31.9,55.29,87,33,7.11,scattered clouds
689,Mahenge,TZ,-8.68,36.72,66.36,52,90,3.0,overcast clouds
690,Puerto Del Rosario,ES,28.5,-13.86,74.95,78,20,19.57,few clouds
691,Joshimath,IN,30.57,79.57,74.07,88,89,1.16,overcast clouds
692,Sao Miguel Do Araguaia,BR,-13.28,-50.16,93.31,16,3,9.31,clear sky
693,Kresek,ID,-6.13,106.38,81.1,86,51,3.83,broken clouds
